Title,Address,State,Original
Labor Magazine,"P.O. Box 1426, Birmingham",Alabama,"Labor Magazine, P.O. Box 1426, Birmingham"
News Digest (CIO),"306 N. 17 St., Birmingham",Alabama,"News Digest (CIO), 306 N. 17 St., Birmingham"
The Union News,Jasper,Alabama,"The Union News, Jasper"
Mobile Labor Journal,"P.O. Box 949, Mobile",Alabama,"Mobile Labor Journal, P.O. Box 949, Mobile"
Gulf Coast News Digest (CIO),"215 Van Antwerp Bldg., Mobile",Alabama,"Gulf Coast News Digest (CIO), 215 Van Antwerp Bldg., Mobile"
Anchorage Weekly Times,Anchorage,Alaska,"Anchorage Weekly Times, Anchorage"
Arizona Independent,"P.O. Box 17, Phoenix",Arizona,"Arizona Independent, P.O. Box 17, Phoenix"
Arizona Labor Journal,"P.O. Box 389, Phoenix",Arizona,"Arizona Labor Journal, P.O. Box 389, Phoenix"
Phoenix Labor Press,"1637 W. Jefferson St., Phoenix",Arizona,"Phoenix Labor Press, 1637 W. Jefferson St., Phoenix"
Arizona Teamster,"30 W. Congress St., Tucson",Arizona,"Arizona Teamster, 30 W. Congress St., Tucson"
The Southwestern Labor Record,"227-229 E. 10 St., Tucson",Arizona,"The Southwestern Labor Record, 227-229 E. 10 St., Tucson"
Arkansas CIO Labor Journal,"1108 1/2 Garrison Ave., Ft. Smith Ft. Smith Union News, Labor Temple, 107% N. 10 St., Ft. Smith Union Labor Bulletin, 1441 Donoghey Bldg., Little Rock",Arkansas,"Arkansas CIO Labor Journal, 1108% Garrison Ave., Ft. Smith Ft. Smith Union News, Labor Temple, 107% N. 10 St., Ft. Smith Union Labor Bulletin, 1441 Donoghey Bldg., Little Rock"
Kern County Union Labor Journal,"Labor Temple, 2121 Eye St., Bakersfield",California,"Kern County Union Labor Journal, Labor Temple, 2121 Eye St., Bakersfield"
Fresno Labor Citizen,"479 N. Fresno St., Fresno",California,"Fresno Labor Citizen, 479 N. Fresno St., Fresno"
Flashes,"Local 683, 6461 Sunset Blvd., Hollywood",California,"Flashes, Local 683, 6461 Sunset Blvd., Hollywood"
The Labor News,"235 E. 4 St., Long Beach",California,"The Labor News, 235 E. 4 St., Long Beach"
Los Angeles Citizen,"Union Labor Temple Annex, 532-540 Maple Ave., Los Angeles",California,"Los Angeles Citizen, Union Labor Temple Annex, 532-540 Maple Ave., Los Angeles"
Southern California Teamster,"846 S. Union Ave., Los Angeles",California,"Southern California Teamster, 846 S. Union Ave., Los Angeles"
Transit Reporter,"Transportation Union Div. 1277, 656 S. Los Angeles St., Los Angeles",California,"Transit Reporter, Transportation Union Div. 1277, 656 S. Los Angeles St., Los Angeles"
UAW News (CIO),"5851 S. Avalon Blvd., Los Angeles",California,"UAW News (CIO), 5851 S. Avalon Blvd., Los Angeles"
California Labor Review,"5823 Occidental St., Oakland",California,"California Labor Review, 5823 Occidental St., Oakland"
East Bay Labor Journal,"2111 Webster St., Oakland",California,"East Bay Labor Journal, 2111 Webster St., Oakland"
Crown City Labor Journal,"43 E. Walnut St., Pasadena",California,"Crown City Labor Journal, 43 E. Walnut St., Pasadena"
Riverside Labor Record,"Labor Temple, Riverside",California,"Riverside Labor Record, Labor Temple, Riverside"
Sacramento Valley Union Labor Bulletin,"Labor Temple, 8th & Eye Sts., Sacramento",California,"Sacramento Valley Union Labor Bulletin, Labor Temple, 8th & Eye Sts., Sacramento"
Labor Leader,"204 Crystal Palace Bldg., San Diego",California,"Labor Leader, 204 Crystal Palace Bldg., San Diego"
The Dispatcher (ILWU-CIO),"604 Montgomery St., San Francisco",California,"The Dispatcher (ILWU-CIO), 604 Montgomery St., San Francisco"
FTA Cannery Worker (CIO),"150 Golden Gate Ave., San Francisco",California,"FTA Cannery Worker (CIO), 150 Golden Gate Ave., San Francisco"
International Fisherman (IFAW-CIO),"2907 Jones St., San Francisco",California,"International Fisherman (IFAW-CIO), 2907 Jones St., San Francisco"
Labor Clarion,"Labor Temple, 2940 16 St., San Francisco",California,"Labor Clarion, Labor Temple, 2940 16 St., San Francisco"
Labor Herald (CIO),"150 Golden Gate Ave., San Francisco",California,"Labor Herald (CIO), 150 Golden Gate Ave., San Francisco"
Musical News,"230 Jones St., San Francisco",California,"Musical News, 230 Jones St., San Francisco"
Organized Labor,"238 13 St., San Francisco",California,"Organized Labor, 238 13 St., San Francisco"
Voice of the Marine Cooks & Stewards Assoc. (CIO),"86 Commercial St., San Francisco",California,"Voice of the Marine Cooks & Stewards Assoc. (CIO), 86 Commercial St., San Francisco"
Weekly News Letter,"402. Flood Bldg., San Francisco",California,"Weekly News Letter, 402. Flood Bldg., San Francisco"
West Coast Sailors,"110 Market St., San Francisco",California,"West Coast Sailors, 110 Market St., San Francisco"
Union Labor News,"32 E. Victoria St., Santa Barbara",California,"Union Labor News, 32 E. Victoria St., Santa Barbara"
Santa Maria-San Luis Obispo Labor News,"109 S. Broadway, Santa Maria",California,"Santa Maria-San Luis Obispo Labor News, 109 S. Broadway, Santa Maria"
Association of Suburban Labor Newspapers,"1414 Second St., Santa Monica",California,"Association of Suburban Labor Newspapers, 1414 Second St., Santa Monica"
Beach Cities Labor Journal,"Santa Monica, Association of Suburban Labor Newspapers, 1414 Second St., Santa Monica",California,"Beach Cities Labor Journal, Santa Monica, Association of Suburban Labor Newspapers, 1414 Second St., Santa Monica"
Orange County Labor News,"Santa Ana, Association of Suburban Labor Newspapers, 1414 Second St., Santa Monica",California,"Orange County Labor News, Santa Ana, Association of Suburban Labor Newspapers, 1414 Second St., Santa Monica"
Pomona Valley Union Labor Review,"Pomona, Association of Suburban Labor Newspapers, 1414 Second St., Santa Monica",California,"Pomona Valley Union Labor Review, Pomona, Association of Suburban Labor Newspapers, 1414 Second St., Santa Monica"
Inland California Labor Journal,"San Bernardino, Association of Suburban Labor Newspapers, 1414 Second St., Santa Monica",California,"Inland California Labor Journal, San Bernardino, Association of Suburban Labor Newspapers, 1414 Second St., Santa Monica"
San Fernando Valley Labor News,"Glendale, Association of Suburban Labor Newspapers, 1414 Second St., Santa Monica",California,"San Fernando Valley Labor News, Glendale, Association of Suburban Labor Newspapers, 1414 Second St., Santa Monica"
San Pedro Wilmington Labor Review,"Wilmington, Association of Suburban Labor Newspapers, 1414 Second St., Santa Monica",California,"San Pedro Wilmington Labor Review, Wilmington, Association of Suburban Labor Newspapers, 1414 Second St., Santa Monica"
Southern Nevada Labor News,"Association of Suburban Labor Newspapers, 1414 Second St., Santa Monica",California,"Southern Nevada Labor News, Association of Suburban Labor Newspapers, 1414 Second St., Santa Monica"
The Pathfinder-Union,"P.O. Box 922, Stockton",California,"The Pathfinder-Union, P.O. Box 922, Stockton"
West Side Union,Taft,California,"West Side Union, Taft"
The People's Weekly,"10010 102 St., Edmonton, Alberta",Canada,"The People's Weekly, 10010 102 St., Edmonton, Alberta"
Labour Digest,"110 Catharine St., N., Hamilton, Ontario",Canada,"Labour Digest, 110 Catharine St., N., Hamilton, Ontario"
Labor News,"206 Lister Bldg., Hamilton, Ontario",Canada,"Labor News, 206 Lister Bldg., Hamilton, Ontario"
Federated Railwayman,"11 St. Paul St. W., Montreal, Quebec",Canada,"Federated Railwayman, 11 St. Paul St. W., Montreal, Quebec"
The Labor World,"11 St. Paul St., W., Montreal, Quebec",Canada,"The Labor World, 11 St. Paul St., W., Montreal, Quebec"
Canadian Unionist,"230 Laurier Ave., W., Ottawa, Ontario",Canada,"Canadian Unionist, 230 Laurier Ave., W., Ottawa, Ontario"
Trades & Labor Congress Journal,"172 McLaren St., Ottawa, Ontario",Canada,"Trades & Labor Congress Journal, 172 McLaren St., Ottawa, Ontario"
The Labor Leader,"64 Duke St., Toronto, Ontario",Canada,"The Labor Leader, 64 Duke St., Toronto, Ontario"
The Labor Statesman,"531 Beatty St., Vancouver, British Columbia",Canada,"The Labor Statesman, 531 Beatty St., Vancouver, British Columbia"
Labor News,"112 E. Cucharras St., Colorado Springs",Colorado,"Labor News, 112 E. Cucharras St., Colorado Springs"
Colorado Labor Advocate,"507 Interstate Trust Bldg., Denver",Colorado,"Colorado Labor Advocate, 507 Interstate Trust Bldg.,"
Denver Denver Labor Bulletin,"1240 Pennsylvania St., Denver",Colorado,"Denver Denver Labor Bulletin, 1240 Pennsylvania St., Denver"
The Union Times,"137 Goffe St., New Haven",Connecticut,"The Union Times, 137 Goffe St., New Haven"
CIO Connecticut Vanguard,"95 Bank St., Waterbury",Connecticut,"CIO Connecticut Vanguard, 95 Bank St., Waterbury"
Wilmington Labor Herald,"415 Shipley St., Wilmington",Delaware,"Wilmington Labor Herald, 415 Shipley St., Wilmington"
The American Federationist,A.F. of L. Bldg.,"Washington, D. C.","The American Federationist, A.F. of L. Bldg."
American Marine Engineer (CIO),315 Machinist Bldg.,"Washington, D. C.","American Marine Engineer (CIO), 315 Machinist Bldg."
Asbestos Worker,Machinists Bldg.,"Washington, D. C.","Asbestos Worker, Machinists Bldg."
Bricklayer,"Mason & Plasterer, 815 15 St., N.W.","Washington, D. C.","Bricklayer, Mason & Plasterer, 815 15 St., N.W."
Cigar Makers Journal,"Carpenters Bldg., 10th & K Sts., N.W.","Washington, D. C.","Cigar Makers Journal, Carpenters Bldg., 10th & K Sts., N.W."
CIO News (National Edition),"718 Jackson Place, N.W. Commercial Telegraphers Journal, 5913 Georgia Ave.","Washington, D. C.","CIO News (National Edition), 718 Jackson Place, N.W. Commercial Telegraphers Journal, 5913 Georgia Ave."
Electrical Workers Journal,1200 15 St.,"Washington, D. C.","Electrical Workers Journal, 1200 15 St."
Federal Employee,"10 Independence Ave., S.E.","Washington, D. C.","Federal Employee, 10 Independence Ave., S.E."
Federal Record (UFWA-CIO),"930 F St., N.W.","Washington, D. C.","Federal Record (UFWA-CIO), 930 F St., N.W."
Government Standard,"900 F St., N.W.","Washington, D. C.","Government Standard, 900 F St., N.W."
The International Bookbinder,"Room 301, A.F. of L. Bldg. International Engineer, 1003 K St., N.W.","Washington, D. C.","The International Bookbinder, Room 301, A.F. of L. Bldg. International Engineer, 1003 K St., N.W."
International Fire Fighter,"Room 207, A.F. of L. Bldg.","Washington, D. C.","International Fire Fighter, Room 207, A.F. of L. Bldg."
International Labor Review,"734 Jackson Place Labor, 10 Independence Ave., S.W.","Washington, D. C.","International Labor Review, 734 Jackson Place Labor, 10 Independence Ave., S.W."
Machinists Journal,"Rm. 406, Machinists Bldg.","Washington, D. C.","Machinists Journal, Rm. 406, Machinists Bldg."
Master,"Mate & Pilot, 810 Rhode Island Ave., N.E.","Washington, D. C.","Master, Mate & Pilot, 810 Rhode Island Ave., N.E."
National Rural Letter Carrier,541 Munsey Bldg.,"Washington, D. C.","National Rural Letter Carrier, 541 Munsey Bldg."
The Office Worker,827 14 St.,"Washington, D. C.","The Office Worker, 827 14 St."
Pattern Makers' Journal,311 Machinists Bldg.,"Washington, D. C.","Pattern Makers' Journal, 311 Machinists Bldg."
Plate Printer,414 Washington Loan & Trust Bldg.,"Washington, D. C.","Plate Printer, 414 Washington Loan & Trust Bldg."
Plumbers Journal,Machinists Bldg.,"Washington, D. C.","Plumbers Journal, Machinists Bldg."
Postal Record,A.F. of L. Bldg.,"Washington, D. C.","Postal Record, A.F. of L. Bldg."
Postmasters Advocate,"1110 F St., N.W., Rm. 62 Radio & Electrical Union News, 1200 15 St., N.W.","Washington, D. C.","Postmasters Advocate, 1110 F St., N.W., Rm. 62 Radio & Electrical Union News, 1200 15 St., N.W."
Railway Post Office,508 A.F.L. Bldg.,"Washington, D. C.","Railway Post Office, 508 A.F.L. Bldg."
Shoe Workers Edition CIO News,"917 15th St., N.W.","Washington, D. C.","Shoe Workers Edition CIO News, 917 15th St., N.W."
Special Messenger,"301 First St., S.E.","Washington, D. C.","Special Messenger, 301 First St., S.E."
The Trades Unionist,"720 Fifth St., N.W.","Washington, D. C.","The Trades Unionist, 720 Fifth St., N.W."
UAW-CIO News Flash,"1129 Vermont Ave., N.W.","Washington, D. C.","UAW-CIO News Flash, 1129 Vermont Ave., N.W."
Union Postal Clerk,600-619 Bond Bldg.,"Washington, D. C.","Union Postal Clerk, 600-619 Bond Bldg."
United Mine Workers Journal,United Mine Workers Bldg.,"Washington, D. C.","United Mine Workers Journal, United Mine Workers Bldg."
Victory (CIO),"718 Jackson Place, N.W.","Washington, D. C.","Victory (CIO), 718 Jackson Place, N.W."
Union Labor News,"138 Magnolia Ave., Daytona Beach",Florida,"Union Labor News, 138 Magnolia Ave., Daytona Beach"
Miami Citizen,"P.O. Box 828, Miami",Florida,"Miami Citizen, P.O. Box 828, Miami"
Pensacola News,Pensacola,Florida,"Pensacola News, Pensacola"
Florida Labor Advocate,"P.O. Box 1904, 212 S. Franklin St., Tampa",Florida,"Florida Labor Advocate, P.O. Box 1904, 212 S. Franklin St., Tampa"
Union Labor News,"Box 735, West Palm Beach",Florida,"Union Labor News, Box 735, West Palm Beach"
The Atlanta News Digest (CIO),"75 Ivy St., N.E., Atlanta",Georgia,"The Atlanta News Digest (CIO), 75 Ivy St., N.E., Atlanta"
Journal of Labor,"Peters Bldg., Atlanta",Georgia,"Journal of Labor, Peters Bldg., Atlanta"
Southern Teamster,"203 Spring St., N.W., Atlanta",Georgia,"Southern Teamster, 203 Spring St., N.W., Atlanta"
Labor Review,"24 Campbell Bldg., Augusta",Georgia,"Labor Review, 24 Campbell Bldg., Augusta"
Georgia Federationist,"Labor Temple, 34 Drayton St., Savannah",Georgia,"Georgia Federationist, Labor Temple, 34 Drayton St., Savannah"
Idaho Labor News,"P.O. Box 170, Pocatello",Idaho,"Idaho Labor News, P.O. Box 170, Pocatello"
The Fox Valley Labor News,"220 Fox St., Aurora",Illinois,"The Fox Valley Labor News, 220 Fox St., Aurora"
Labor Bulletin,"First National Bank Bldg., Public Square, Belleville",Illinois,"Labor Bulletin, First National Bank Bldg., Public Square, Belleville"
The American Teacher,"28 E. Jackson Blvd., Chicago",Illinois,"The American Teacher, 28 E. Jackson Blvd., Chicago"
Bags and Baggage,"3451 Michigan Ave., Chicago",Illinois,"Bags and Baggage, 3451 Michigan Ave., Chicago"
The Bakers & Confectioners Journal,"2719 N. Wilton Ave., Chicago Park Station, Chicago",Illinois,"The Bakers & Confectioners Journal, 2719 N. Wilton Ave., Chicago Park Station, Chicago"
The Butcher Workman,"160 N. LaSalle St., Chicago",Illinois,"The Butcher Workman, 160 N. LaSalle St., Chicago"
Chicago UE News (CIO),"166 W. Jackson Blvd., Rm. 803, Chicago",Illinois,"Chicago UE News (CIO), 166 W. Jackson Blvd., Rm. 803, Chicago"
Chicago Union Teacher,"509 S. Wabash Ave., Chicago",Illinois,"Chicago Union Teacher, 509 S. Wabash Ave., Chicago"
Educational Monthly News Review,"3451 Michigan Ave., Chicago",Illinois,"Educational Monthly News Review, 3451 Michigan Ave., Chicago"
Farm Equipment & Metal Workers News (UFEMW-CIO),"188 West Randolph St., Chicago",Illinois,"Farm Equipment & Metal Workers News (UFEMW-CIO), 188 West Randolph St., Chicago"
Federation News,"666 Lake Shore Drive, Chicago",Illinois,"Federation News, 666 Lake Shore Drive, Chicago"
The Illinois State Employee,"188 W. Randolph St., Suite 1402, Chicago",Illinois,"The Illinois State Employee, 188 W. Randolph St., Suite 1402, Chicago"
The Milk Distributor,"220 S. Ashland Blvd., Chicago",Illinois,"The Milk Distributor, 220 S. Ashland Blvd., Chicago"
Packinghouse Worker (PWOC-CIO),"205 W. Wacker Dr., Chicago",Illinois,"Packinghouse Worker (PWOC-CIO), 205 W. Wacker Dr., Chicago"
Railway Employees Journal,"901 Montrose Ave., Chicago",Illinois,"Railway Employees Journal, 901 Montrose Ave., Chicago"
Signalmen's Journal,"4849 N. Western Ave., Chicago",Illinois,"Signalmen's Journal, 4849 N. Western Ave., Chicago"
Train Dispatcher,"10 E. Huron St., Chicago",Illinois,"Train Dispatcher, 10 E. Huron St., Chicago"
Transport Workers Edition CIO News,"3451 So. Mich. Ave., Chicago",Illinois,"Transport Workers Edition CIO News, 3451 So. Mich. Ave., Chicago"
The Union Leader,"1608 W. Van Buren St., Chicago",Illinois,"The Union Leader, 1608 W. Van Buren St., Chicago"
Union (IUMMSW-CIO),"222 W. Adams St., Chicago",Illinois,"Union (IUMMSW-CIO), 222 W. Adams St., Chicago"
Voice of the Union,"Cement, Lime, Gypsum & Allied Worker, 549 W. Randolph St., Chicago Weekly News Letter, 666 Lake Shore Drive, Chicago",Illinois,"Voice of the Union, Cement, Lime, Gypsum & Allied Worker, 549 W. Randolph St., Chicago Weekly News Letter, 666 Lake Shore Drive, Chicago"
Work,"3 E. Chicago Ave., Chicago",Illinois,"Work, 3 E. Chicago Ave., Chicago"
The Plasterer & Cement Finisher,"5145 W. Cermak Rd., Cicero",Illinois,"The Plasterer & Cement Finisher, 5145 W. Cermak Rd., Cicero"
The Vermilion County Star,"106 W. Main St., Danville",Illinois,"The Vermilion County Star, 106 W. Main St., Danville"
Decatur Weekly News,"Eldorado & Broadway, Decatur",Illinois,"Decatur Weekly News, Eldorado & Broadway, Decatur"
Union News,"410 Metropolitan Bldg., East St. Louis",Illinois,"Union News, 410 Metropolitan Bldg., East St. Louis"
Galesburg Labor News,"56 N. Cherry St., Galesburg",Illinois,"Galesburg Labor News, 56 N. Cherry St., Galesburg"
Labor Record,"10 W. Jackson St., P.O. Box 865, Joliet",Illinois,"Labor Record, 10 W. Jackson St., P.O. Box 865, Joliet"
Progressive Miner,"118-200 S. Main St., Marissa",Illinois,"Progressive Miner, 118-200 S. Main St., Marissa"
Independent Weekly,"2816 Shelby Ave., Mattoon",Illinois,"Independent Weekly, 2816 Shelby Ave., Mattoon"
Butcher & Grocery Clerks Journal,"100 S. Kenilworth, Oak Park",Illinois,"Butcher & Grocery Clerks Journal, 100 S. Kenilworth, Oak Park"
Labor Temple News,"226-228 N. Adams St., Peoria",Illinois,"Labor Temple News, 226-228 N. Adams St., Peoria"
Union CIO 'Cat',"835 Main St., Peoria",Illinois,"Union CIO 'Cat', 835 Main St., Peoria"
Labor News,Quincy,Illinois,"Labor News, Quincy"
The Quincy Record,"514 Jersey St., Quincy",Illinois,"The Quincy Record, 514 Jersey St., Quincy"
United Labor Review,"331 Hampshire St., Quincy",Illinois,"United Labor Review, 331 Hampshire St., Quincy"
Rockford Labor News,"1418 Broadway, Rockford",Illinois,"Rockford Labor News, 1418 Broadway, Rockford"
Tri-City Labor Review,"Labor Temple, Rock Island",Illinois,"Tri-City Labor Review, Labor Temple, Rock Island"
USA 65 (CIO),"9008 Commercial Ave., South Chicago",Illinois,"USA 65 (CIO), 9008 Commercial Ave., South Chicago"
The Illinois Tradesman,"223% S. 6 St., Springfield",Illinois,"The Illinois Tradesman, 223% S. 6 St., Springfield"
The Lampmaker (CIO),"UAW-CIO Local 663, 125 E. 10 St., Anderson",Indiana,"The Lampmaker (CIO), UAW-CIO Local 663, 125 E. 10 St., Anderson"
Labor Sentinel (CIO),"3436 Michigan Ave., East Chicago",Indiana,"Labor Sentinel (CIO), 3436 Michigan Ave., East Chicago"
Evansville UE News (CIO),"305 Boehne Bldg., Evansville",Indiana,"Evansville UE News (CIO), 305 Boehne Bldg., Evansville"
Labor Forum,"210 N. Fulton Ave., Evansville",Indiana,"Labor Forum, 210 N. Fulton Ave., Evansville"
Labor Review,"P.O. Box 231, Evansville",Indiana,"Labor Review, P.O. Box 231, Evansville"
Ft. Wayne Labor News,"327 W. Berry St., Ft. Wayne",Indiana,"Ft. Wayne Labor News, 327 W. Berry St., Ft. Wayne"
Ft. Wayne U. E. Herald Local 901,"UERMWA-CIO, 935 Lincoln Tower, Ft. Wayne",Indiana,"Ft. Wayne U. E. Herald Local 901, UERMWA-CIO, 935 Lincoln Tower, Ft. Wayne"
The Steel Worker (CIO),"100 E. 6 Ave., Gary",Indiana,"The Steel Worker (CIO), 100 E. 6 Ave., Gary"
The Carpenter,"222 E. Michigan St., Indianapolis",Indiana,"The Carpenter, 222 E. Michigan St., Indianapolis"
Indiana Teamster,"28 W. North St., Indianapolis",Indiana,"Indiana Teamster, 28 W. North St., Indianapolis"
The International Teamsters Magazine,"222 E. Michigan St., Indianapolis",Indiana,"The International Teamsters Magazine, 222 E. Michigan St., Indianapolis"
Journeyman Barber,"12th and Delaware Sts., Indianapolis",Indiana,"Journeyman Barber, 12th and Delaware Sts., Indianapolis"
Labor Guide,"304 Pennsylvania Bldg., Indianapolis",Indiana,"Labor Guide, 304 Pennsylvania Bldg., Indianapolis"
Laundry Worker,"115 N. Pennsylvania St., Rm. 1258, Indianapolis",Indiana,"Laundry Worker, 115 N. Pennsylvania St., Rm. 1258, Indianapolis"
Typographical Journal,"Meridian at 28 St., Indianapolis",Indiana,"Typographical Journal, Meridian at 28 St., Indianapolis"
The Union,"1003 Lemcke Bldg., Indianapolis",Indiana,"The Union, 1003 Lemcke Bldg., Indianapolis"
Painter & Decorator,"Painter & Decorators Bldg., Lafayette",Indiana,"Painter & Decorator, Painter & Decorators Bldg., Lafayette"
Retail Clerks International Advocate,"Levering Bldg., Main St., Lafayette",Indiana,"Retail Clerks International Advocate, Levering Bldg., Main St., Lafayette"
The Labor Beacon,"431 1/2 Franklin St., Michigan City",Indiana,"The Labor Beacon, 431 1/2 Franklin St., Michigan City"
South Bend Labor News,"724 S. Michigan St., South Bend",Indiana,"South Bend Labor News, 724 S. Michigan St., South Bend"
Tri-County News (CIO),"1410 S. Michigan St., South Bend",Indiana,"Tri-County News (CIO), 1410 S. Michigan St., South Bend"
Terre Haute Advocate,"Labor Temple, Terre Haute",Indiana,"Terre Haute Advocate, Labor Temple, Terre Haute"
Labor Journal,"Inc., 1415 E. State St., Algona",Iowa,"Labor Journal, Inc., 1415 E. State St., Algona"
Burlington Labor News,"P.O. Box 547, Burlington",Iowa,"Burlington Labor News, P.O. Box 547, Burlington"
Cedar Rapids Tribune,Cedar Rapids,Iowa,"Cedar Rapids Tribune, Cedar Rapids"
Railway Conductor,Cedar Rapids,Iowa,"Railway Conductor, Cedar Rapids"
Farmer-Labor Press,"513 S. Main St., P.O. Box 298, Council Bluffs",Iowa,"Farmer-Labor Press, 513 S. Main St., P.O. Box 298, Council Bluffs"
Des Moines Federationist,"1600 Mondamin Ave., Des Moines",Iowa,"Des Moines Federationist, 1600 Mondamin Ave., Des Moines"
Iowa Railroad World,"P.O. Box 333, Des Moines",Iowa,"Iowa Railroad World, P.O. Box 333, Des Moines"
Iowa Union Farmer,"504 1/2 Grand Ave., Des Moines",Iowa,"Iowa Union Farmer, 504% Grand Ave., Des Moines"
The Iowa Unionist,"215 10 St., Des Moines",Iowa,"The Iowa Unionist, 215 10 St., Des Moines"
Marshalltown Labor Advocate,"103 E. Church St., Marshalltown",Iowa,"Marshalltown Labor Advocate, 103 E. Church St., Marshalltown"
Unionist and Public Forum,"410 Jennings St., Sioux City",Iowa,"Unionist and Public Forum, 410 Jennings St., Sioux City"
The Labor Review,"111 N. Walnut St., Hutchinson",Kansas,"The Labor Review, 111 N. Walnut St., Hutchinson"
Boiler Makers Journal,"524 Brotherhood Block, Kansas City",Kansas,"Boiler Makers Journal, 524 Brotherhood Block, Kansas City"
The Labor Bulletin,"P.O. Box 147, Kansas City",Kansas,"The Labor Bulletin, P.O. Box 147, Kansas City"
Central Labor Journal,"Labor Temple, Salina",Kansas,"Central Labor Journal, Labor Temple, Salina"
Kansas Labor Weekly,"621 JackSbn St., Topeka",Kansas,"Kansas Labor Weekly, 621 JackSbn St., Topeka"
The Plaindealer,"323 N. Main St., Wichita",Kansas,"The Plaindealer, 323 N. Main St., Wichita"
Falls Cities Labor News,"410-411 Realty Bldg., Louisville",Kentucky,"Falls Cities Labor News, 410-411 Realty Bldg., Louisville"
Journal of Labor,"410 McDowell Bldg., Louisville",Kentucky,"Journal of Labor, 410 McDowell Bldg., Louisville"
Labor News,Louisville,Kentucky,"Labor News, Louisville"
Tobacco Worker,"806 Realty Bldg., Louisville",Kentucky,"Tobacco Worker, 806 Realty Bldg., Louisville"
The Official Bulletin,"7 W. 6 St., Newport",Kentucky,"The Official Bulletin, 7 W. 6 St., Newport"
The Union Advocate,Pikeville,Kentucky,"The Union Advocate, Pikeville"
Louisiana Labor Leader,"359 Lafayette St., Baton Rouge",Louisiana,"Louisiana Labor Leader, 359 Lafayette St., Baton Rouge"
The Federationist,"424-426 Chartres St., New Orleans",Louisiana,"The Federationist, 424-426 Chartres St., New Orleans"
Labor Record,"315 St. Charles St., New Orleans",Louisiana,"Labor Record, 315 St. Charles St., New Orleans"
New Orleans News Digest (CIO),"529 Lafayette St., New Orleans",Louisiana,"New Orleans News Digest (CIO), 529 Lafayette St., New Orleans"
Maine CIO News,"34 Exchange St., Portland",Maine,"Maine CIO News, 34 Exchange St., Portland"
Baltimore Federationist,"1317 Patapsco St., Baltimore",Maryland,"Baltimore Federationist, 1317 Patapsco St., Baltimore"
Baltimore Labor Herald,"218 E. Lexington St., Baltimore",Maryland,"Baltimore Labor Herald, 218 E. Lexington St., Baltimore"
Labor News,Cumberland,Maryland,"Labor News, Cumberland"
The CIO News,"Western Maryland Edition, P.O. Box 299, Cumberland",Maryland,"The CIO News, Western Maryland Edition, P.O. Box 299, Cumberland"
Coopers International Journal,"Park Square Bldg. 927, Boston",Massachusetts,"Coopers International Journal, Park Square Bldg. 927, Boston"
Massachusetts CIO News,"73 Tremont St., Boston",Massachusetts,"Massachusetts CIO News, 73 Tremont St., Boston"
Shoe Workers Journal,"246 Summer St., Boston",Massachusetts,"Shoe Workers Journal, 246 Summer St., Boston"
Typographical Union Bulletin,"7 Water St., Boston",Massachusetts,"Typographical Union Bulletin, 7 Water St., Boston"
Electrical Union News (CIO),"248 S. Common St., Lynn",Massachusetts,"Electrical Union News (CIO), 248 S. Common St., Lynn"
The Union News (CIO),Pittsfield,Massachusetts,"The Union News (CIO), Pittsfield"
Granite Cutters Journal,"25 School St., Quincy",Massachusetts,"Granite Cutters Journal, 25 School St., Quincy"
United Front (CIO),"32 Stevens St., Springfield",Massachusetts,"United Front (CIO), 32 Stevens St., Springfield"
The Labor News,"17 Federal St., Worcester",Massachusetts,"The Labor News, 17 Federal St., Worcester"
The Square Deal,"P.O. Box 196, Battle Creek",Michigan,"The Square Deal, P.O. Box 196, Battle Creek"
Ammunition (CIO),"1324 Maccabees Bldg., Detroit",Michigan,"Ammunition (CIO), 1324 Maccabees Bldg., Detroit"
Brotherhood of Maintenance of Way Employees Journal,"61 Putnam Ave., Detroit Hotel-Bar-Restaurant Review, 1442 Griswold St., Detroit",Michigan,"Brotherhood of Maintenance of Way Employees Journal, 61 Putnam Ave., Detroit Hotel-Bar-Restaurant Review, 1442 Griswold St., Detroit"
Michigan CIO News,"803 Hoffman Bldg., Detroit",Michigan,"Michigan CIO News, 803 Hoffman Bldg., Detroit"
Michigan Teamster,"1321 Penobscot Bldg., Detroit",Michigan,"Michigan Teamster, 1321 Penobscot Bldg., Detroit"
Motorman,"Conductor & Motor Coach Operator, 1214 Griswold St., Detroit",Michigan,"Motorman, Conductor & Motor Coach Operator, 1214 Griswold St., Detroit"
United Automobile Worker (UAW-CIO),"411 W. Milwaukee Ave., Detroit",Michigan,"United Automobile Worker (UAW-CIO), 411 W. Milwaukee Ave., Detroit"
Flint Labor News,"215 E. Kearsley St., Flint",Michigan,"Flint Labor News, 215 E. Kearsley St., Flint"
Flint Weekly Review,"412-418 Buckham St., Flint",Michigan,"Flint Weekly Review, 412-418 Buckham St., Flint"
Local 599 Headlight (CIO),"3019 Industrial Ave., Flint",Michigan,"Local 599 Headlight (CIO), 3019 Industrial Ave., Flint"
Grand Rapids Labor News,"312 Anderson Bldg., Grand Rapids",Michigan,"Grand Rapids Labor News, 312 Anderson Bldg., Grand Rapids"
The Square Deal,"618 E. Michigan Ave., Jackson",Michigan,"The Square Deal, 618 E. Michigan Ave., Jackson"
The Lansing Industrial News,Lansing,Michigan,"The Lansing Industrial News, Lansing"
Lansing Labor News (CIO),"P.O. Box 657, Lansing",Michigan,"Lansing Labor News (CIO), P.O. Box 657, Lansing"
Michigan Federationist,"306 Bauch Bldg., Lansing",Michigan,"Michigan Federationist, 306 Bauch Bldg., Lansing"
Tri-City Labor Review,"224 Montgomery Block, Muskegon",Michigan,"Tri-City Labor Review, 224 Montgomery Block, Muskegon"
U.A.W. News,"Union Hall, Terrace & Clay Sts., Muskegon",Michigan,"U.A.W. News, Union Hall, Terrace & Clay Sts., Muskegon"
Port Huron Labor News,"511 1/2 Water St., Port Huron",Michigan,"Port Huron Labor News, 511 1/2 Water St., Port Huron"
The Labor News,"817 E. Genesee Ave., Saginaw",Michigan,"The Labor News, 817 E. Genesee Ave., Saginaw"
Unionist (CIO),"315 E. Water St., Austin",Minnesota,"Unionist (CIO), 315 E. Water St., Austin"
The Bovey Press,Bovey,Minnesota,"The Bovey Press, Bovey"
The Labor World,"320 W. First St., Duluth",Minnesota,"The Labor World, 320 W. First St., Duluth"
Minneapolis Labor Review,"Suite 321, 529 S. Seventh St., Minneapolis",Minnesota,"Minneapolis Labor Review, Suite 321, 529 S. Seventh St., Minneapolis"
Minnesota Labor (CIO),"724 4th Ave., Minneapolis",Minnesota,"Minnesota Labor (CIO), 724 4th Ave., Minneapolis"
Farmers Union Herald,"Box G, St. Paul",Minnesota,"Farmers Union Herald, Box G, St. Paul"
Minnesota Federationist,"Labor Temple, St. Paul",Minnesota,"Minnesota Federationist, Labor Temple, St. Paul"
Minnesota Union Advocate,"408 Auditorium St., St. Paul",Minnesota,"Minnesota Union Advocate, 408 Auditorium St., St. Paul"
Tri-County Forum,Thief River Falls,Minnesota,"Tri-County Forum, Thief River Falls"
Marshall County Star,"Box A, Warren",Minnesota,"Marshall County Star, Box A, Warren"
Mississippi Labor Federationist,"151 Wesley Ave., Jackson",Mississippi,"Mississippi Labor Federationist, 151 Wesley Ave., Jackson"
Hannibal Labor Press,"Box 45, Hannibal",Missouri,"Hannibal Labor Press, Box 45, Hannibal"
Central Missouri Labor News,"P.O. Box 562, Jefferson City",Missouri,"Central Missouri Labor News, P.O. Box 562, Jefferson City"
Missouri Trades Unionist,"Room 212, Central Hotel, Jefferson City",Missouri,"Missouri Trades Unionist, Room 212, Central Hotel, Jefferson City"
Labor Journal,"P.O. Box 4687, Station E, Kansas City",Missouri,"Labor Journal, P.O. Box 4687, Station E, Kansas City"
Railway Carmen's Journal,"Room 404, 107 W. Linwood Blvd., Kansas City",Missouri,"Railway Carmen's Journal, Room 404, 107 W. Linwood Blvd., Kansas City"
The St. Joseph Union,"Moss Bldg., St. Joseph",Missouri,"The St. Joseph Union, Moss Bldg., St. Joseph"
The American Photo Engraver,"3136 S. Grand Blvd., St. Louis",Missouri,"The American Photo Engraver, 3136 S. Grand Blvd., St. Louis"
Bridgemen's Magazine,"1615 Syndicate Trust Bldg., St. Louis",Missouri,"Bridgemen's Magazine, 1615 Syndicate Trust Bldg., St. Louis"
Midwest Labor World (CIO),"705 Olive St., St. Louis",Missouri,"Midwest Labor World (CIO), 705 Olive St., St. Louis"
Postal Supervisor,"Box 1, St. Louis",Missouri,"Postal Supervisor, Box 1, St. Louis"
Railroad Telegrapher,"3673 W. Pine Blvd., St. Louis",Missouri,"Railroad Telegrapher, 3673 W. Pine Blvd., St. Louis"
St. Louis Labor Tribune,"1023 N. Grand Blvd., St. Louis",Missouri,"St. Louis Labor Tribune, 1023 N. Grand Blvd., St. Louis"
St. Louis Union Labor Advocate,"3019 Grand Blvd., St. Louis",Missouri,"St. Louis Union Labor Advocate, 3019 Grand Blvd., St. Louis"
Stove Mounters & Range Workers Journal,"1513 Hogan St., St. Louis",Missouri,"Stove Mounters & Range Workers Journal, 1513 Hogan St., St. Louis"
Union Labor Record,"228 Wilhoit Bldg., Springfield",Missouri,"Union Labor Record, 228 Wilhoit Bldg., Springfield"
Miner's Voice (CIO),Butte,Montana,"Miner's Voice (CIO), Butte"
Montana Labor News,"21 E. Quartz St., Butte",Montana,"Montana Labor News, 21 E. Quartz St., Butte"
Peoples Voice,Helena,Montana,"Peoples Voice, Helena"
Treasure State Labor Journal,"P.O. Box 363, Kalispell",Montana,"Treasure State Labor Journal, P.O. Box 363, Kalispell"
The Unionist,"2203 Farnam St., Omaha",Nebraska,"The Unionist, 2203 Farnam St., Omaha"
Nevada State Labor News,"Box 1011, Reno",Nevada,"Nevada State Labor News, Box 1011, Reno"
New Hampshire Labor News,Manchester,New Hampshire,"New Hampshire Labor News, Manchester"
Torch (CIO),"13 Mac Arthur Plaza, Bloomfield",New Jersey,"Torch (CIO), 13 Mac Arthur Plaza, Bloomfield"
Shipyard Worker (IUMSWA-CIO),"534 Cooper St., Camden",New Jersey,"Shipyard Worker (IUMSWA-CIO), 534 Cooper St., Camden"
Union Reporter,"224 Federal St., Camden",New Jersey,"Union Reporter, 224 Federal St., Camden"
Union Labor Advocate,"1139 E. Jersey St., Elizabeth",New Jersey,"Union Labor Advocate, 1139 E. Jersey St., Elizabeth"
International Musician,"39 Division St., Newark",New Jersey,"International Musician, 39 Division St., Newark"
New Jersey Labor Herald,"22 Thirteenth Ave., Newark",New Jersey,"New Jersey Labor Herald, 22 Thirteenth Ave., Newark"
New Jersey Teacher,"107 Pomona Ave., Newark",New Jersey,"New Jersey Teacher, 107 Pomona Ave., Newark"
Railroad Employee,"494 Broad St., Newark",New Jersey,"Railroad Employee, 494 Broad St., Newark"
Union Recorder (CIO),"71 Orange St., Newark",New Jersey,"Union Recorder (CIO), 71 Orange St., Newark"
The Textile Dyer (CIO),"205 Madison St., Passaic",New Jersey,"The Textile Dyer (CIO), 205 Madison St., Passaic"
New York State Federation of Labor Bulletin,"9 S. Hawk St., Albany",New York,"New York State Federation of Labor Bulletin, 9 S. Hawk St., Albany"
Paper Maker's Journal,"30 Sheridan Ave., Albany",New York,"Paper Maker's Journal, 30 Sheridan Ave., Albany"
Union Labor News,"232 O'Neil Bldg., Binghamton",New York,"Union Labor News, 232 O'Neil Bldg., Binghamton"
Buffalo Union Leader (CIO),"Room 214, 86 W. Chippewa St., Buffalo",New York,"Buffalo Union Leader (CIO), Room 214, 86 W. Chippewa St., Buffalo"
Catholic Labor Observer,"450 Abbott Rd., Buffalo",New York,"Catholic Labor Observer, 450 Abbott Rd., Buffalo"
Switchmen's Journal,"3 Linwood Ave., Buffalo",New York,"Switchmen's Journal, 3 Linwood Ave., Buffalo"
Elmira Labor Review,"209-11 W. Hudson St., Elmira",New York,"Elmira Labor Review, 209-11 W. Hudson St., Elmira"
Pulp,"Sulphite & Paper Mill Workers' Journal, Ft. Edward",New York,"Pulp, Sulphite & Paper Mill Workers' Journal, Ft. Edward"
Nassau-Suffolk Labor News,"157 Greenwich St., Hempstead, L.I.",New York,"Nassau-Suffolk Labor News, 157 Greenwich St., Hempstead, L.I."
Tri-County Herald,"P.O. Box 826, Jamestown",New York,"Tri-County Herald, P.O. Box 826, Jamestown"
Advance (ACWA-CIO),"15 Union Square, New York",New York,"Advance (ACWA-CIO), 15 Union Square, New York"
ACA News (ACA-CIO),"5 Beekman Street, New York",New York,"ACA News (ACA-CIO), 5 Beekman Street, New York"
The American Labor World,"66 Duane St., New York",New York,"The American Labor World, 66 Duane St., New York"
Architectural & Engineering Guild,"15 E. 40 St., New York",New York,"Architectural & Engineering Guild, 15 E. 40 St., New York"
Black Worker,"217 W. 125 St., New York",New York,"Black Worker, 217 W. 125 St., New York"
The Brotherhood Record (CIO),"782 Lexington Ave., New York",New York,"The Brotherhood Record (CIO), 782 Lexington Ave., New York"
Bulletin (TWA-CIO),"153 W. 64 St., New York",New York,"Bulletin (TWA-CIO), 153 W. 64 St., New York"
Butcher Worker,"40 W. 17 St., New York",New York,"Butcher Worker, 40 W. 17 St., New York"
Citizen (CIO),"1776 Broadway, New York",New York,"Citizen (CIO), 1776 Broadway, New York"
CIO Reporter,"101 W. 31 St., New York",New York,"CIO Reporter, 101 W. 31 St., New York"
Department Store Employee (CIO),"153 W. 33 St., New York",New York,"Department Store Employee (CIO), 153 W. 33 St., New York"
1199 Drug News,"1545 Broadway, New York",New York,"1199 Drug News, 1545 Broadway, New York"
Electrical Union World,"130 E. 25 St., New York",New York,"Electrical Union World, 130 E. 25 St., New York"
Equity,"45 W. 47 St., New York",New York,"Equity, 45 W. 47 St., New York"
Fur & Leather Worker (IFLWU-CIO),"251 Fourth Ave., New York",New York,"Fur & Leather Worker (IFLWU-CIO), 251 Fourth Ave., New York"
Furniture Workers Press (UFWA-CIO),"261 Fifth Ave., New York",New York,"Furniture Workers Press (UFWA-CIO), 261 Fifth Ave., New York"
The Garment Worker,"Rm. 621-45 Astor Place, New York",New York,"The Garment Worker, Rm. 621-45 Astor Place, New York"
Guild Reporter (ANG-CIO),"63 Park Row, New York",New York,"Guild Reporter (ANG-CIO), 63 Park Row, New York"
The Hat Worker,"245 Fifth Ave., New York",New York,"The Hat Worker, 245 Fifth Ave., New York"
Insurance Outlook (CIO),"5 Beekman St., New York",New York,"Insurance Outlook (CIO), 5 Beekman St., New York"
Journeyman Barbers Beacon,"118 W. 44 St., New York",New York,"Journeyman Barbers Beacon, 118 W. 44 St., New York"
Justice,"1710 Broadway, New York",New York,"Justice, 1710 Broadway, New York"
The Lab-Log,"165 W. 46 St., New York",New York,"The Lab-Log, 165 W. 46 St., New York"
Labor & the Nation,"112 E. 19 St., New York",New York,"Labor & the Nation, 112 E. 19 St., New York"
Labor Chronicle,"265 W. 14 St., New York",New York,"Labor Chronicle, 265 W. 14 St., New York"
Local 16 (Hotel & Restaurant Workers),"752 Eighth Ave., New York",New York,"Local 16 (Hotel & Restaurant Workers), 752 Eighth Ave., New York"
Master,"Mate & Pilot, 15 Moore St., New York",New York,"Master, Mate & Pilot, 15 Moore St., New York"
Monthly Bulletin,"853 Broadway, New York",New York,"Monthly Bulletin, 853 Broadway, New York"
Motion Picture Office Employees Union,"251 W. 42 St., New York",New York,"Motion Picture Office Employees Union, 251 W. 42 St., New York"
News (SCMWA-CIO),"51 Chambers St., New York",New York,"News (SCMWA-CIO), 51 Chambers St., New York"
New York CIO,"1153 Broadway, New York",New York,"New York CIO, 1153 Broadway, New York"
New York Guildpaper (CIO),"40 E. 40 St., New York",New York,"New York Guildpaper (CIO), 40 E. 40 St., New York"
New York Letter Carriers' Outlook,"3045 Godwin Terrace, New York",New York,"New York Letter Carriers' Outlook, 3045 Godwin Terrace, New York"
New York Teacher News (CIO),"13 Astor Place, New York",New York,"New York Teacher News (CIO), 13 Astor Place, New York"
Office & Professional News (UOPWA-CIO),"1860 Broadway, New York",New York,"Office & Professional News (UOPWA-CIO), 1860 Broadway, New York"
Office Employees News,"Room 1212, 265 W. 14 St., New York",New York,"Office Employees News, Room 1212, 265 W. 14 St., New York"
Official Journal,"International Jewelry Workers, 551 Fifth Ave., Suite 825, New York",New York,"Official Journal, International Jewelry Workers, 551 Fifth Ave., Suite 825, New York"
Pilot (NMU-CIO),"346 W. 17th St., New York",New York,"Pilot (NMU-CIO), 346 W. 17th St., New York"
Post Office Clerk,"373 E. 148 St., New York",New York,"Post Office Clerk, 373 E. 148 St., New York"
Retail,"Wholesale & Dept. Store Employes (URWDSEA-CIO), 100 W. 42nd St., New York",New York,"Retail, Wholesale & Dept. Store Employes (URWDSEA-CIO), 100 W. 42nd St., New York"
Seafarers' Log,"51 Beaver St., New York",New York,"Seafarers' Log, 51 Beaver St., New York"
Shoe Reporter (CIO),"19 W. 44 St., New York",New York,"Shoe Reporter (CIO), 19 W. 44 St., New York"
State Building Trades Council,"154 Nassau St., New York",New York,"State Building Trades Council, 154 Nassau St., New York"
Textile Labor'(TWUA-CIO),"15 Union Square, New York",New York,"Textile Labor'(TWUA-CIO), 15 Union Square, New York"
338 News (CIO),"152 W. 42 St., New York",New York,"338 News (CIO), 152 W. 42 St., New York"
U. E. News (UERMWA-CIO),"11 E. 51 St., New York",New York,"U. E. News (UERMWA-CIO), 11 E. 51 St., New York"
Union Voice (CIO),"104 E. 9 St., New York",New York,"Union Voice (CIO), 104 E. 9 St., New York"
Utility Workers Edition CIO News,"1133 Broadway, New York",New York,"Utility Workers Edition CIO News, 1133 Broadway, New York"
Welfare (CIO),"160 Fifth Ave., New York",New York,"Welfare (CIO), 160 Fifth Ave., New York"
Rochester & Vicinity Labor,"16 State St., Suite 501-505, Rochester",New York,"Rochester & Vicinity Labor, 16 State St., Suite 501-505, Rochester"
Labor Advocate,"P.O. Box 391, Asheville",North Carolina,"Labor Advocate, P.O. Box 391, Asheville"
Charlotte Labor Journal & Dixie Farm News,"118 E. Sixth St., P.O. Box 1061, Charlotte",North Carolina,"Charlotte Labor Journal & Dixie Farm News, 118 E. Sixth St., P.O. Box 1061, Charlotte"
North Carolina Federationist,"P.O. Box 2513, Charlotte",North Carolina,"North Carolina Federationist, P.O. Box 2513, Charlotte"
News Journal,Durham,North Carolina,"News Journal, Durham"
Union Herald,"110 W. Hargett St., Raleigh",North Carolina,"Union Herald, 110 W. Hargett St., Raleigh"
West Asheville News,"440 Haywood Rd., West Asheville",North Carolina,"West Asheville News, 440 Haywood Rd., West Asheville"
Industrial Leader (CIO),"241 N. Liberty St., Winston-Salem",North Carolina,"Industrial Leader (CIO), 241 N. Liberty St., Winston-Salem"
Summit County Labor News,"920 S. High St., Akron",Ohio,"Summit County Labor News, 920 S. High St., Akron"
United Rubber Worker (URWB-CIO),"Buckeye Bldg., Akron",Ohio,"United Rubber Worker (URWB-CIO), Buckeye Bldg., Akron"
B. & W. Boilermaker,"1660 W. Tuscarawas Ave., Barberton",Ohio,"B. & W. Boilermaker, 1660 W. Tuscarawas Ave., Barberton"
United Labor News,"403 4 St., N.E., Canton",Ohio,"United Labor News, 403 4 St., N.E., Canton"
The Catering Industry Employee,"528-530 Walnut St., Cincinnati",Ohio,"The Catering Industry Employee, 528-530 Walnut St., Cincinnati"
The Chronicle,"407 Brotherhood Railway Clerks Bldg., Court & Vine Sts., Cincinnati",Ohio,"The Chronicle, 407 Brotherhood Railway Clerks Bldg., Court & Vine Sts., Cincinnati"
International Molders Journal,"530 Walnut St., Cincinnati",Ohio,"International Molders Journal, 530 Walnut St., Cincinnati"
Metal Polishers Journal,"Box 641, Cincinnati",Ohio,"Metal Polishers Journal, Box 641, Cincinnati"
Railway Clerk,"1015 Vine St., Cincinnati",Ohio,"Railway Clerk, 1015 Vine St., Cincinnati"
Sun (Greater Cincinnati CIO Council),"306 Bell Block, 606 Vine St., Cincinnati",Ohio,"Sun (Greater Cincinnati CIO Council), 306 Bell Block, 606 Vine St., Cincinnati"
Brotherhood of Locomotive Engineers Journal,"1208 B. of L. E. Bldg., Cleveland",Ohio,"Brotherhood of Locomotive Engineers Journal, 1208 B. of L. E. Bldg., Cleveland"
Brotherhood of Locomotive Firemen & Enginemen's Magazine,"726 Keith Bldg., Cleveland",Ohio,"Brotherhood of Locomotive Firemen & Enginemen's Magazine, 726 Keith Bldg., Cleveland"
CIO Paper Worker,"33 Public Sq., Cleveland",Ohio,"CIO Paper Worker, 33 Public Sq., Cleveland"
Cleveland Citizen,"1105 Chester Ave., Cleveland",Ohio,"Cleveland Citizen, 1105 Chester Ave., Cleveland"
Cleveland Union Leader (CIO),"1220 Superior Ave., Cleveland",Ohio,"Cleveland Union Leader (CIO), 1220 Superior Ave., Cleveland"
The Lather,"Lathers Bldg., Detroit Ave., W. 26 St., Cleveland Glass Cutter, 3-9 Long St., Columbus",Ohio,"The Lather, Lathers Bldg., Detroit Ave., W. 26 St., Cleveland Glass Cutter, 3-9 Long St., Columbus"
Glass Workers Edition CIO News,"118 No. Third St., Columbus",Ohio,"Glass Workers Edition CIO News, 118 No. Third St., Columbus"
Ohio State Federation of Labor Quarterly Bulletin,"Suite 405, Atlas Bldg., Columbus",Ohio,"Ohio State Federation of Labor Quarterly Bulletin, Suite 405, Atlas Bldg., Columbus"
Ohio Teamster,"233 S. High St., Columbus",Ohio,"Ohio Teamster, 233 S. High St., Columbus"
The Labor Union,"211 S. Ludlow St., Dayton",Ohio,"The Labor Union, 211 S. Ludlow St., Dayton"
Potters Herald,"Box 34, E. Liverpool",Ohio,"Potters Herald, Box 34, E. Liverpool"
Butler County Press,"236 Market St., Hamilton",Ohio,"Butler County Press, 236 Market St., Hamilton"
Lorain Labor Leader (CIO),"1700 E. 28 St., Lorain",Ohio,"Lorain Labor Leader (CIO), 1700 E. 28 St., Lorain"
Labor Review,"First Nat. Bank Bldg., P.O. Box 968, Portsmouth",Ohio,"Labor Review, First Nat. Bank Bldg., P.O. Box 968, Portsmouth"
The American Flint,"204 Huron St., Toledo",Ohio,"The American Flint, 204 Huron St., Toledo"
Labor News,"444 Machen St., Toledo",Ohio,"Labor News, 444 Machen St., Toledo"
Toledo Union Journal (CIO),"425 Winthrop St., Toledo",Ohio,"Toledo Union Journal (CIO), 425 Winthrop St., Toledo"
Toledo Union Leader,"1103 Cherry St., Toledo",Ohio,"Toledo Union Leader, 1103 Cherry St., Toledo"
CIO Union News,"P.O. Box 67, Yellow Springs",Ohio,"CIO Union News, P.O. Box 67, Yellow Springs"
Mahoning Valley Edition,"CIO News, 204 Terminal Bldg., Youngstown",Ohio,"Mahoning Valley Edition, CIO News, 204 Terminal Bldg., Youngstown"
The Zanesville Tribune,"7 Main St., Zanesville",Ohio,"The Zanesville Tribune, 7 Main St., Zanesville"
Unionist Journal,Tulsa,Oklahoma,"Unionist Journal, Tulsa"
Forest Products News,"403 Davis Bldg., Portland",Oregon,"Forest Products News, 403 Davis Bldg., Portland"
International Woodworker (CIO),"314 S.W. 9th Ave., Portland",Oregon,"International Woodworker (CIO), 314 S.W. 9th Ave., Portland"
Oregon Labor Press,"Labor Temple, No. 103, Portland",Oregon,"Oregon Labor Press, Labor Temple, No. 103, Portland"
Rail Shop Labor Edition CIO News,"1413 11th Ave., Altoona",Pennsylvania,"Rail Shop Labor Edition CIO News, 1413 11th Ave., Altoona"
Uniter (CIO),"1134 Braddock Ave., Braddock",Pennsylvania,"Uniter (CIO), 1134 Braddock Ave., Braddock"
Bradford Union,"9 Avenue B, Bradford",Pennsylvania,"Bradford Union, 9 Avenue B, Bradford"
Liberal Press,"Delaware City CIO Council, 316 Market St., Chester",Pennsylvania,"Liberal Press, Delaware City CIO Council, 316 Market St., Chester"
Penn.-Jersey Labor Champion,"214 Northampton, Easton",Pennsylvania,"Penn.-Jersey Labor Champion, 214 Northampton, Easton"
Union Generator (CIO),East Pittsburgh,Pennsylvania,"Union Generator (CIO), East Pittsburgh"
Pennsylvania Labor News,"Labor Temple, 211 Locust St., Harrisburg",Pennsylvania,"Pennsylvania Labor News, Labor Temple, 211 Locust St., Harrisburg"
Pennsylvania Teamster,"29 S. 3 St., Harrisburg",Pennsylvania,"Pennsylvania Teamster, 29 S. 3 St., Harrisburg"
Anthracite Tri-District News,Hazleton,Pennsylvania,"Anthracite Tri-District News, Hazleton"
Union Reporter (CIO),"308 Magee Ave., Jeanette",Pennsylvania,"Union Reporter (CIO), 308 Magee Ave., Jeanette"
Lancaster Unionist,"127 E. Lemon St., Lancaster",Pennsylvania,"Lancaster Unionist, 127 E. Lemon St., Lancaster"
American Lace Worker,"545 W. Lehigh St., Philadelphia",Pennsylvania,"American Lace Worker, 545 W. Lehigh St., Philadelphia"
Elevator Constructor,"12 S. 12 St., Room 1515, Philadelphia",Pennsylvania,"Elevator Constructor, 12 S. 12 St., Room 1515, Philadelphia"
FTA News (FTAAWA-CIO),"1505 Ross St., Philadelphia",Pennsylvania,"FTA News (FTAAWA-CIO) , 1505 Ross St., Philadelphia"
Glass Bottle Blowers Journal,"12 S. 12 St., Philadelphia",Pennsylvania,"Glass Bottle Blowers Journal, 12 S. 12 St., Philadelphia"
Hosiery Worker (CIO),"2319 N. Broad St., Philadelphia",Pennsylvania,"Hosiery Worker (CIO), 2319 N. Broad St., Philadelphia"
Labor Record,"Market St. Nat. Bank Bldg., Philadelphia",Pennsylvania,"Labor Record, Market St. Nat. Bank Bldg., Philadelphia"
Local 42 News (CIO),"2701 E. Allegheny Ave, Philadelphia",Pennsylvania,"Local 42 News (CIO), 2701 E. Allegheny Ave, Philadelphia"
Pennsylvania Labor Herald,"501 Fairmont Ave., Philadelphia",Pennsylvania,"Pennsylvania Labor Herald, 501 Fairmont Ave., Philadelphia"
Progressive Labor World,"232 N. 15 St., Philadelphia",Pennsylvania,"Progressive Labor World, 232 N. 15 St., Philadelphia"
Square Dealer (CIO),"1502 W. Poplar St., Philadelphia",Pennsylvania,"Square Dealer (CIO), 1502 W. Poplar St., Philadelphia"
The Trades Union News,"234 N. 15 St., Philadelphia",Pennsylvania,"The Trades Union News, 234 N. 15 St., Philadelphia"
Upholsterers' Journal,"2812 N. Broad St., Philadelphia",Pennsylvania,"Upholsterers' Journal, 2812 N. Broad St., Philadelphia"
National Glass Budget,"313 Sixth Ave., Pittsburgh",Pennsylvania,"National Glass Budget, 313 Sixth Ave., Pittsburgh"
National Labor Tribune,"108 Smithfield St., Pittsburgh",Pennsylvania,"National Labor Tribune, 108 Smithfield St., Pittsburgh"
Progress (CIO),"549 Wabash Bldg., Pittsburgh",Pennsylvania,"Progress (CIO), 549 Wabash Bldg., Pittsburgh"
Steel Labor (USWA-CIO),"1500 Commonwealth Bldg., Pittsburgh",Pennsylvania,"Steel Labor (USWA-CIO), 1500 Commonwealth Bldg., Pittsburgh"
The New Era,"132 N. 10 St., Reading",Pennsylvania,"The New Era, 132 N. 10 St., Reading"
Reading Labor Advocate,"27 Reed St., Reading",Pennsylvania,"Reading Labor Advocate, 27 Reed St., Reading"
610 News (CIO),"516 Station St., Wilmerding, 2009 Waverly Ave., Swissdale",Pennsylvania,"610 News (CIO), 516 Station St., Wilmerding, 2009 Waverly Ave., Swissdale"
Rhode Island Labor News,"Strand Theatre Bldg., Providence",Rhode Island,"Rhode Island Labor News, Strand Theatre Bldg., Providence"
The News Review,Una,South Carolina,"The News Review, Una"
The Labor World,"310 W. 8 St., Chattanooga",Tennessee,"The Labor World, 310 W. 8 St., Chattanooga"
The CIO News,"218 S. Gay St., Room 302, Knoxville",Tennessee,"The CIO News, 218 S. Gay St., Room 302, Knoxville"
Knoxville Labor News,"311 Morgan St., Knoxville",Tennessee,"Knoxville Labor News, 311 Morgan St., Knoxville"
The Chickasaw Crier,"P.O. Box 992, Memphis",Tennessee,"The Chickasaw Crier, P.O. Box 992, Memphis"
Memphis Labor Review,"210 Madison Ave., Memphis",Tennessee,"Memphis Labor Review, 210 Madison Ave., Memphis"
Trades & Labor News,"Labor Temple, Nashville",Tennessee,"Trades & Labor News, Labor Temple, Nashville"
Atomic Worker (CIO),"Galesburg Hall, Oak Ridge",Tennessee,"Atomic Worker (CIO), Galesburg Hall, Oak Ridge"
American Pressman,Pressmens Home,Tennessee,"American Pressman, Pressmens Home"
Dallas Craftsman,"P.O. Box 897, Dallas",Texas,"Dallas Craftsman, P.O. Box 897, Dallas"
El Paso City & County Labor Advocate,"P.O. Box 561, El Paso",Texas,"El Paso City & County Labor Advocate, P.O. Box 561, El Paso"
Southwestern Bricklayer,"P.O. Box 677, El Paso",Texas,"Southwestern Bricklayer, P.O. Box 677, El Paso"
International Oil Worker (CIO),"201 Century Bldg., Ft. Worth",Texas,"International Oil Worker (CIO), 201 Century Bldg., Ft. Worth"
Southwestern Railway Journal,"Ledger Bldg., 5 & Calhoun Sts., Fort Worth",Texas,"Southwestern Railway Journal, Ledger Bldg., 5 & Calhoun Sts., Fort Worth"
Texas Printing Trades Unionist,"P.O. Box 3087, Fort Worth",Texas,"Texas Printing Trades Unionist, P.O. Box 3087, Fort Worth"
Union Banner,"209 Moore Bldg., Fort Worth",Texas,"Union Banner, 209 Moore Bldg., Fort Worth"
The Union Review,"217 Tremont St., Galveston",Texas,"The Union Review, 217 Tremont St., Galveston"
Labor Messenger,"Box 4008, Houston",Texas,"Labor Messenger, Box 4008, Houston"
The Labor Forum,"420 Fifth St., Port Arthur",Texas,"The Labor Forum, 420 Fifth St., Port Arthur"
Weekly Dispatch,"P.O. Box 1538, San Antonio",Texas,"Weekly Dispatch, P.O. Box 1538, San Antonio"
Waco Farm & Labor Journal,"616 Washington Ave., Waco",Texas,"Waco Farm & Labor Journal, 616 Washington Ave., Waco"
Utah Labor News,"626 S. 6 St., Salt Lake City",Utah,"Utah Labor News, 626 S. 6 St., Salt Lake City"
Utah Trades Journal,"69 Ogden Ave., Ogden",Utah,"Utah Trades Journal, 69 Ogden Ave., Ogden"
Labor News,"807 Bankers Trust Bldg., Norfolk",Virginia,"Labor News, 807 Bankers Trust Bldg., Norfolk"
Norfolk Labor Journal,"209 W. Tazewell St., Norfolk",Virginia,"Norfolk Labor Journal, 209 W. Tazewell St., Norfolk"
Times Advocate,"155 Bank St., Norfolk",Virginia,"Times Advocate, 155 Bank St., Norfolk"
Labor Herald,"1306 E. Franklin St., Richmond",Virginia,"Labor Herald, 1306 E. Franklin St., Richmond"
Labor Bulletin,"108 N. G St., Aberdeen",Washington,"Labor Bulletin, 108 N. G St., Aberdeen"
Bellingham Labor News,"1300 Cornwall Ave., Bellingham",Washington,"Bellingham Labor News, 1300 Cornwall Ave., Bellingham"
The Aero Mechanic,"5513 Airport Way, Seattle",Washington,"The Aero Mechanic, 5513 Airport Way, Seattle"
The Labor Journal,"Labor Temple, Everett",Washington,"The Labor Journal, Labor Temple, Everett"
Union Register,"210 Union Center, First Ave. at James St., Seattle",Washington,"Union Register, 210 Union Center, First Ave. at James St., Seattle"
Washington State Labor News,"New Labor Temple, First Ave. & Clay St., Seattle",Washington,"Washington State Labor News, New Labor Temple, First Ave. & Clay St., Seattle"
Washington Teamster,"552 Denny Way, Seattle",Washington,"Washington Teamster, 552 Denny Way, Seattle"
Labor World,"104 W. Third Ave., Spokane",Washington,"Labor World, 104 W. Third Ave., Spokane"
Tacoma Labor Advocate,"1356 Court C, Tacoma",Washington,"Tacoma Labor Advocate, 1356 Court C, Tacoma"
Furniture Worker,"1012 1/2 Tacoma Ave., Tacoma",Washington,"Furniture Worker, 1012 1/2 Tacoma Ave., Tacoma"
The Voice of Labor,"163 Kirk St., Morgantown",West Virginia,"The Voice of Labor, 163 Kirk St., Morgantown"
The Facts (CIO),"1810 Main St., P.O. Box 107, Steubenville",West Virginia,"The Facts (CIO), 1810 Main St., P.O. Box 107, Steubenville"
State Advocate,"1119 Chapline St., Wheeling",West Virginia,"State Advocate, 1119 Chapline St., Wheeling"
News-Forum,Appleton,Wisconsin,"News-Forum, Appleton"
Wisconsin Farmers Union News,"2 W. Spring St., Chippewa Falls",Wisconsin,"Wisconsin Farmers Union News, 2 W. Spring St., Chippewa Falls"
The Kenosha Labor,"2225 63 St., Kenosha",Wisconsin,"The Kenosha Labor, 2225 63 St., Kenosha"
Journal of State & Local Government Employes,"448 W. Washington Ave., Madison",Wisconsin,"Journal of State & Local Government Employes, 448 W. Washington Ave., Madison"
Union Labor News,"20 1/2 E. Mifflin St., Madison",Wisconsin,"Union Labor News, 20 1/2 E. Mifflin St., Madison"
Wisconsin State Employees,"448 W. Washington Ave., Madison",Wisconsin,"Wisconsin State Employees, 448 W. Washington Ave., Madison"
AFL Auto Worker,"Majestic Bldg., Rm. 1013, 231 W. Wisconsin Ave., Milwaukee",Wisconsin,"AFL Auto Worker, Majestic Bldg., Rm. 1013, 231 W. Wisconsin Ave., Milwaukee"
Building Service Employes,"212 W. Wisconsin St., Milwaukee",Wisconsin,"Building Service Employes, 212 W. Wisconsin St., Milwaukee"
CIO News,"108 W. Wells St., Milwaukee",Wisconsin,"CIO News, 108 W. Wells St., Milwaukee"
Glove Workers Bulletin,"5328 N. 39 St., Milwaukee",Wisconsin,"Glove Workers Bulletin, 5328 N. 39 St., Milwaukee"
Labor Press,Milwaukee,Wisconsin,"Labor Press, Milwaukee"
Wyoming-Utah Labor Journal,Cheyenne,Wyoming,"Wyoming-Utah Labor Journal, Cheyenne"